ltable_id,rtable_id,label
1707,19521,0
2471,18443,0
492,12502,0
1661,18762,0
636,8689,0
564,16772,0
2422,12663,0
1616,19019,0
2126,13668,0
73,5583,0
2504,18152,0
582,1000,0
741,3534,0
1182,10803,0
896,5250,0
1973,8907,0
334,10661,1
2076,18297,1
887,2816,0
1129,10599,0
1935,5916,0
1689,7512,0
2101,9945,0
786,2821,0
2283,1739,0
983,18364,1
1996,10751,0
2523,10365,1
912,189,0
1531,16546,0
1296,19283,0
226,10098,0
117,15293,0
576,12474,0
1899,5458,1
67,12696,0
25,12,0
1384,15299,0
2470,14500,0
1467,16059,1
896,4855,0
238,203,0
1170,12137,0
2127,1951,0
1529,12468,0
2018,11230,0
2430,20429,0
42,172,1
1695,16372,0
353,8764,0
1959,20715,0
2465,8080,0
884,642,0
2328,17215,0
465,5246,0
1058,2261,0
166,286,0
2002,14930,0
1502,10098,0
53,21811,0
793,6031,0
102,7764,0
1324,912,1
557,15167,0
896,954,0
2504,18153,0
915,18622,0
547,15266,0
2305,4855,0
781,17102,0
1933,9138,0
599,8516,0
2147,6580,0
781,17483,1
565,14482,0
2507,11049,0
889,10729,0
353,10725,0
462,12785,0
970,20732,0
1689,18492,0
2389,20429,0
871,7392,0
1683,744,0
1710,20038,0
2363,21870,0
2242,11417,0
2471,17892,0
2344,6970,1
2164,13942,0
944,2280,0
1296,18507,0
2037,10500,0
720,1451,0
1581,2645,0
1447,1251,0
576,20429,0
1937,10820,0
2123,13726,0
2476,20149,0
2160,15757,0
1937,11056,0
557,13220,0
577,19367,1
1932,4979,0
700,18465,0
1616,18945,0
1806,11391,0
615,1390,0
805,2383,0
2340,20833,0
1703,17701,1
737,6767,0
1737,21662,0
1996,9288,0
1459,19650,0
2209,18420,0
2504,18465,0
1806,6377,0
709,16183,0
561,8791,0
261,3240,0
2252,16783,1
1653,20784,0
1019,18881,0
2020,21811,0
1188,9142,0
2236,9875,0
934,13150,0
1241,17235,0
661,9985,0
1672,9026,0
1529,14395,0
1959,10751,0
1077,1099,0
2405,21334,0
2149,873,0
576,12781,0
2013,9226,1
219,5834,0
1357,10675,0
1475,8650,1
1688,16431,0
446,5774,1
1284,3320,0
1178,6743,0
561,18465,0
1705,12728,0
1937,20134,0
1131,11691,0
862,5782,1
1103,832,0
660,8429,0
2472,16598,0
176,12918,0
572,733,0
2090,3292,0
1516,6810,0
1099,5697,0
2304,6397,0
1832,13396,1
333,16617,0
672,5328,0
1178,17561,0
2069,21591,0
588,20108,1
1933,9137,0
1689,17548,0
2332,18465,0
2515,4424,1
934,7127,0
1502,1628,0
1888,8764,0
2236,14107,0
1132,20121,0
2549,7860,0
1426,6182,0
1699,18049,0
1125,6212,0
1060,4728,0
1280,7637,1
242,10180,0
1525,8563,0
1893,11120,1
1178,10752,0
700,16608,0
53,806,0
1471,1177,0
2183,19859,0
2327,10203,0
547,5248,0
159,5664,1
492,14430,0
889,2789,0
481,20269,0
2424,10272,0
688,10792,0
194,6876,1
2472,18444,0
753,8205,0
1578,3323,1
2412,10590,0
973,19570,0
117,13308,0
1951,20443,1
1067,19780,0
2429,13944,0
700,2819,0
53,18443,0
2389,2818,0
418,3296,0
266,4862,0
561,13427,0
1688,9769,0
2471,17561,0
260,19417,0
1418,2835,0
1060,16598,0
2322,8451,0
342,21065,0
284,2683,0
2118,20621,1
1454,5936,0
1091,7000,0
753,3682,0
960,13884,0
2546,16909,0
1463,7574,0
175,6876,0
1410,768,0
979,11538,0
2412,17741,0
925,5769,0
248,9675,0
58,1571,0
1618,6364,1
2473,4729,0
744,18269,0
2150,11679,0
1740,17376,0
532,6031,0
313,8870,1
1529,13872,0
561,17837,0
528,11226,0
1462,17412,0
1542,2536,0
1959,820,0
753,4858,0
625,17846,0
2094,16173,0
2305,3546,0
1686,17665,1
102,7765,0
1021,16084,0
1661,5147,0
2151,7336,0
1583,2278,0
1298,1400,0
924,2316,0
2100,8349,0
1893,7128,0
187,14758,0
1285,20080,0
1248,16894,0
2430,806,0
1816,17188,0
1242,1114,0
419,30,0
742,8235,1
117,1337,0
626,9734,0
2079,13974,0
79,18187,0
1570,14952,0
1809,17186,0
2293,4522,0
805,8377,0
532,8070,0
264,16640,1
2220,8786,0
94,12207,0
1201,8128,0
244,14691,0
65,11132,0
1167,6351,0
41,20135,0
1223,12116,0
1191,5384,0
327,20123,0
973,836,0
1882,12726,0
967,6743,0
1205,10835,0
597,8342,0
458,1338,0
305,1337,0
1208,16352,0
1579,11460,1
219,729,0
2126,15701,0
856,2814,0
576,20715,0
1438,14048,0
2077,20191,0
2019,17753,0
2127,6433,0
793,15994,0
2361,12781,0
761,21777,0
2147,19748,0
2531,19976,1
99,635,0
2211,10670,0
2391,6753,0
2389,12474,0
1708,18339,0
172,3292,0
2049,6345,0
1067,9036,0
2434,22071,0
214,20714,0
2349,2809,0
2211,12696,0
1062,10754,0
1477,2432,1
2223,6744,0
2327,8544,1
145,15891,1
2394,4019,0
1729,2880,0
280,16320,0
1661,12838,0
396,14922,0
1246,15310,0
2305,853,0
509,5740,0
3,4378,1
557,11457,0
166,16333,0
1888,10727,0
1454,10763,0
1188,1177,0
95,14930,0
1705,4676,0
706,4806,0
215,10606,0
1564,10893,0
278,16320,0
514,6942,0
337,4883,0
278,16318,0
2343,4784,1
1893,698,0
320,15247,0
1010,1090,0
2077,3261,0
582,21979,0
1334,19791,0
417,9734,0
25,9002,0
582,20640,0
2430,304,0
921,498,0
1229,2613,0
1987,10905,1
993,6752,0
1708,16226,1
266,2949,1
2107,15941,0
56,15701,0
49,8096,1
1752,17695,0
678,19587,0
1183,20239,0
2082,14691,0
1673,15266,0
2332,19283,0
2484,3433,0
1413,10730,0
1528,21324,0
752,7075,1
2363,2826,0
2422,9213,0
1705,15776,0
1342,9325,0
924,10277,0
1959,20121,0
1608,15212,0
2077,21728,0
315,7705,1
218,9076,0
1803,6872,1
661,622,0
2090,9283,0
2365,8617,0
1405,5088,0
458,21847,0
1727,14918,1
2260,2211,0
1030,14518,0
1594,526,0
793,8070,0
342,9322,0
2018,11227,1
547,13271,0
2063,13152,0
683,5786,0
1888,14169,0
626,18443,0
124,10929,0
2535,824,0
1353,6819,1
639,7371,1
973,824,0
428,10588,0
475,20392,1
1396,2438,1
725,16278,0
1571,10747,0
2436,760,0
1342,21065,0
34,10588,0
337,4882,0
2272,10417,0
2260,6446,0
1583,12227,0
852,18444,0
2122,16808,0
540,4137,0
1423,7699,0
960,14487,0
737,6761,0
2157,3557,0
1689,16375,0
1382,2590,0
2149,10786,0
2272,12421,0
2260,16460,0
967,4728,0
2361,18443,0
1656,8235,0
2412,6401,0
79,17549,0
1466,4416,0
1229,14005,0
562,3008,0
700,6745,0
2405,9009,0
157,16205,1
397,12919,0
2149,1609,0
2284,16633,0
1695,20851,0
2422,13547,0
935,1198,0
967,18465,0
2372,14557,0
1342,1338,0
1964,21450,0
176,15216,0
1631,13855,0
1024,19272,0
145,4499,0
1921,10301,0
1729,12866,0
2191,4029,0
271,15139,0
2429,6266,0
1530,16938,0
1805,11592,0
330,13536,0
547,17256,0
683,3787,0
1010,11033,0
2430,18152,0
672,5250,0
353,118,0
900,1005,0
2081,19010,0
1536,15801,0
1044,14884,0
1611,14617,0
81,17194,1
582,11379,0
852,19011,0
1671,20794,1
2475,19352,0
883,7140,0
2471,286,0
2093,7155,0
2119,6613,0
1405,5936,0
582,6400,0
201,6828,1
709,15006,0
53,20125,0
1564,12950,0
324,8523,0
1508,646,0
683,9859,0
1850,18454,0
700,18165,0
912,21629,0
2317,2804,0
2422,696,0
1257,18465,0
1229,7131,0
695,12569,1
1135,12789,0
1453,19451,0
2511,21503,1
2469,8314,0
969,21637,0
2504,21566,0
1605,304,0
2184,11689,1
1229,10854,0
1688,17244,0
1927,15216,0
195,11771,0
481,14851,0
937,13300,0
1145,1609,0
1077,9088,0
978,18495,0
1927,12918,0
2223,10753,0
895,2492,0
2514,10644,0
25,13011,0
53,18152,0
757,12380,0
626,18444,0
2223,3541,0
458,9324,0
1241,17549,0
1191,578,0
594,5279,0
195,2211,0
2517,2790,0
908,12999,0
1129,20664,0
65,8619,0
1502,18895,0
701,6754,0
1321,11111,0
722,6459,0
53,2819,0
2094,13088,0
1132,12781,0
1511,6551,0
1701,17547,0
23,19216,0
742,118,0
1315,21112,1
2284,18187,0
1853,7015,0
625,801,0
770,11223,1
1737,12279,0
1927,9253,0
719,6401,0
2220,6743,0
370,13846,0
2535,122,0
2229,18717,0
2405,1036,0
1626,3031,0
998,30,0
2412,1218,0
2367,22026,0
1863,12817,0
2021,17451,1
866,1431,0
1927,21952,0
21,966,0
2305,598,0
1224,15994,0
32,8790,0
2349,2262,0
2488,10936,0
1560,8450,0
2144,6742,0
2433,17845,0
1888,4711,0
2305,14736,0
896,951,0
625,13427,0
1516,6820,0
1178,20125,0
1992,21729,0
683,2226,0
1229,4616,0
1320,18673,0
563,18915,1
1413,799,0
166,14680,0
86,7610,1
1345,13104,0
2062,2270,0
1129,10606,0
1711,17873,0
20,16837,1
1060,18507,0
1937,10807,0
2121,6477,0
382,2581,0
2422,15179,0
1296,17837,0
1397,20805,1
1099,13691,0
1455,18222,0
1959,2819,0
2263,6961,0
545,7624,1
1468,10254,0
2164,3694,1
557,10902,0
140,13715,0
458,15295,0
2293,4526,0
1102,12925,0
2341,9089,0
1776,15489,1
1257,20429,0
1413,19565,0
960,18372,0
2222,12785,0
2020,16333,0
176,10529,0
944,14177,1
1932,3063,0
1706,17026,1
576,304,0
363,7131,0
466,20657,0
1296,21811,0
2251,18760,0
531,19817,1
2222,9288,0
1844,14077,0
229,13258,1
2305,21952,0
2404,16808,0
428,4979,0
2316,7220,0
2431,10751,0
2305,13250,0
700,806,0
294,20061,0
1862,9500,0
29,2074,0
1616,556,0
1511,14511,0
2222,14691,0
2265,21671,0
1502,7131,0
852,6740,0
688,6799,0
2069,20020,0
41,11056,0
126,21663,0
162,18349,0
856,20657,0
226,13545,0
278,9064,0
1060,2819,0
597,8335,0
353,19565,0
417,8786,0
2260,18583,0
1423,6134,0
1398,4586,1
1382,1978,0
1813,13240,0
1983,10893,0
22,18526,0
261,5192,1
1229,14620,0
740,18012,0
906,14049,0
571,15301,0
1647,17232,0
1806,13812,0
600,4691,1
41,2881,0
2475,87,0
2535,8810,0
1323,5249,0
399,13754,0
419,13256,0
1564,8933,0
975,7441,0
2430,16608,0
58,20807,0
65,1185,0
576,8786,0
2542,7169,0
1702,17898,0
1145,6800,0
636,20343,0
805,4311,0
51,5210,0
320,16173,0
884,17172,0
1251,3580,0
944,2809,0
1944,18666,0
626,12474,0
2201,13661,0
1009,10601,0
2163,20055,0
253,14131,0
509,9804,0
228,18020,0
1827,18644,0
2322,5067,0
2031,13484,0
2472,820,0
769,4343,0
1334,14525,0
700,805,0
709,15003,0
790,19691,0
2541,1306,0
121,15906,0
1791,19538,1
1955,21221,0
462,14686,0
1443,1150,0
1354,9846,0
2471,12781,0
1816,10590,0
1133,6752,0
2069,8809,0
1656,4209,0
194,5431,0
2002,13817,0
2089,6613,0
636,5325,0
1910,1858,0
2305,9253,0
1673,11276,0
1626,8661,0
2071,21325,0
856,16316,0
1729,14765,0
1483,3547,0
928,19902,0
822,805,0
1806,3893,0
426,14868,1
1269,18026,0
532,12098,0
2216,7233,0
1695,17929,0
40,10751,0
2131,3447,0
2464,15665,0
757,9090,0
710,3098,0
1199,1022,0
428,21446,0
2033,6560,0
2379,264,1
792,8850,0
1527,21905,0
348,15101,0
337,9392,0
852,9734,0
2510,1060,0
2220,304,0
1576,460,0
1816,15884,0
1378,15801,0
1193,4509,0
1325,19703,0
419,13253,0
1129,2671,0
1738,20132,1
1024,18080,0
1429,4188,0
1404,20002,0
625,21811,0
1111,6397,0
1418,121,0
462,2821,0
512,4979,0
2484,12534,0
967,14707,0
1695,13499,0
184,3973,0
2471,2819,0
1594,2494,0
2119,685,0
2037,549,0
2535,19570,0
1879,7976,0
466,8782,0
967,17837,0
226,18895,0
542,15021,0
2188,10605,0
665,4733,0
2445,13066,0
883,4979,0
1099,7727,0
1959,16598,0
1860,5560,1
266,8908,0
1471,20758,0
1168,8304,0
672,1284,0
1701,13499,0
589,9328,0
575,5075,1
1983,2980,0
2144,9288,0
2389,17203,0
896,14820,0
2112,6745,0
2237,7482,0
339,7584,0
1301,4113,0
1685,16790,0
1845,1742,0
1296,19011,0
896,8908,0
774,14883,0
701,6753,0
2311,6933,0
1846,15547,1
1945,2632,0
2477,6906,0
856,16910,0
150,4349,0
280,9063,0
2237,13291,0
1145,4783,0
1191,4554,0
353,10729,0
1631,7141,0
215,10598,0
1502,2613,0
672,3099,0
621,3169,0
1229,9913,0
25,8669,0
1699,18048,0
2002,19591,0
469,17498,0
312,11285,0
1070,2959,0
636,5571,0
943,9149,0
2507,1097,0
1930,15375,1
2275,19662,1
988,1749,0
237,11046,0
1937,10808,0
1711,14272,0
591,5593,0
606,11293,0
2322,13152,0
1564,8934,0
2054,3599,0
1529,4395,0
275,20623,0
2133,8990,1
719,5771,0
823,14694,0
1342,9326,0
432,12352,0
1432,15919,0
1863,14724,0
1417,7248,1
988,10082,0
922,1561,0
1827,2579,0
1129,21802,0
253,5723,0
2465,21734,0
1241,19451,0
1816,5771,0
353,10728,0
2394,15216,0
547,15265,0
266,14825,0
2409,5687,0
2236,11638,0
2461,13243,1
1712,18007,0
1155,4710,0
887,16316,0
2469,17121,0
1656,10728,0
1813,15191,0
2002,13008,0
735,4867,0
793,12098,0
2260,189,0
1533,289,0
2122,18325,0
2361,18165,0
1888,10728,0
852,6743,0
1001,8678,0
1178,14701,0
1509,21980,0
1103,837,0
1132,8786,0
1424,19063,0
2071,8814,1
187,12862,0
509,11769,0
1133,10754,0
1323,11278,0
626,2818,0
297,15653,1
1340,12477,0
1225,12059,0
932,16317,0
1711,17875,0
162,18055,0
1927,2949,0
2405,6980,0
1959,17837,0
1674,17924,0
594,8688,0
1553,15119,0
131,9640,0
1546,2804,0
244,6745,0
2293,21146,0
626,17561,0
1311,3097,0
1927,4855,0
1957,19902,0
648,4759,1
1413,12769,0
582,4985,0
532,8071,0
819,3860,0
1106,8827,0
2006,6583,0
2394,13252,0
557,1610,0
1806,21593,0
2030,20736,0
410,1341,0
1295,12448,0
614,22045,1
2462,2203,0
214,6746,0
458,13307,0
2119,19203,0
1194,14916,1
2260,21629,0
1861,4882,0
1833,9593,0
2220,2819,0
65,9148,0
2126,9164,0
1338,11524,0
25,13012,0
2457,16274,0
1363,7758,0
1600,10082,0
2224,6745,0
2069,5116,0
898,7375,0
1959,17561,0
2422,699,0
53,12781,0
465,4862,0
932,802,0
724,13098,0
2033,645,0
454,1891,1
599,6457,0
1498,19394,0
1832,2380,0
1447,17850,0
623,2832,0
1966,10568,0
1508,6561,0
1218,9880,0
1141,21057,0
1673,21478,0
1121,7697,0
29,8070,0
95,1036,0
672,14822,0
523,14091,0
2535,2279,0
960,11190,0
36,21331,0
2472,12781,0
1539,2841,0
1894,14802,0
1740,5504,0
53,17846,0
1348,4576,0
2471,805,0
721,10189,0
1145,2867,1
484,21912,0
1932,3042,0
2507,1401,0
1117,16741,0
2397,10117,1
570,19375,0
1768,15860,0
2515,554,0
56,20182,0
2033,19398,0
925,21876,0
1435,1470,0
1701,18550,0
1311,879,0
1959,304,0
538,17174,1
1959,14687,0
2363,18601,0
1931,19908,0
1605,14687,0
1321,19864,0
614,5969,0
706,2880,0
2236,11637,0
447,13174,1
2192,136,0
1688,9336,0
944,8246,0
1933,3430,0
1882,8255,0
1827,6533,0
95,1034,0
1607,13172,1
1060,18153,0
1298,8455,1
1209,11696,0
473,10133,0
1429,12098,0
1438,5427,0
1424,4419,0
2112,14686,0
2305,158,0
540,9383,1
380,665,0
13,12080,0
753,7557,0
1508,5628,0
688,12848,0
1641,13084,0
2331,3290,0
1893,3169,0
2063,6308,1
2216,5771,0
1661,21404,0
1296,17846,0
836,10707,0
1153,13245,1
182,11396,0
249,21092,0
218,5040,0
92,10747,0
1246,13967,0
1404,18622,0
1711,16371,0
211,17684,0
625,2819,0
1256,10618,0
1845,7712,0
2507,5046,0
1863,12818,0
1657,17517,0
856,19779,0
2255,2075,0
2540,9201,0
1016,17549,0
495,139,0
417,6743,0
1793,7712,0
1390,18269,0
561,18200,0
1016,18558,0
2481,6885,1
124,196,0
2229,18670,0
1839,17506,0
2517,799,0
2526,15969,0
2507,1090,0
889,8761,0
2082,10747,0
576,17837,0
634,8531,0
1178,18444,0
1592,242,0
1465,20564,0
1103,12814,0
656,10558,1
1189,2759,1
935,8891,0
495,14715,0
1793,21377,0
660,12273,0
794,19963,0
793,15291,0
1711,13499,0
2305,5328,0
1742,15527,1
1257,16608,0
2296,21820,0
2517,10730,0
1979,2949,0
1125,8267,1
1737,10255,0
794,19964,0
2488,11658,0
638,4329,0
1816,8570,0
1441,1328,0
1418,335,0
2430,18165,0
1955,17185,0
2548,13869,0
205,10517,1
2518,15749,0
1973,2945,0
1169,9327,0
1155,6942,0
2472,21693,0
229,11249,0
278,17506,0
421,17330,0
462,14691,0
1672,19690,0
822,19011,0
1647,1546,0
2020,6751,0
1103,14719,0
1454,2835,0
1083,20644,1
887,18151,0
1833,9596,0
1528,17511,0
2222,2829,0
1810,577,1
226,14620,0
912,11763,0
2331,20772,0
1605,6751,0
1910,7536,0
621,3167,0
821,609,0
822,18165,0
1242,11074,0
1224,12464,0
219,730,0
2147,2887,1
1257,9734,0
2088,22025,1
382,19438,0
1282,1240,1
661,8607,0
561,16598,0
786,2827,0
2337,10441,0
2136,19006,1
1939,5657,0
1294,13944,0
1520,8559,0
611,12403,0
852,19283,0
2319,7446,0
1927,3098,0
598,7630,0
2191,2269,0
123,13224,0
528,76,1
2391,22071,0
960,15247,0
594,8398,0
165,4732,0
2483,11841,1
2323,16809,0
419,21057,0
649,20785,0
2340,9805,0
1257,20125,0
1699,17548,0
2087,19054,0
2044,11311,0
944,10555,0
2293,6552,0
50,16936,0
73,5088,0
1605,806,0
1197,15282,0
1176,9432,0
2405,4963,0
1073,552,0
2405,4966,0
2395,13908,0
1632,20070,1
1184,6960,0
184,15314,0
2372,10568,0
2430,20121,0
2429,5967,0
2020,805,0
226,14005,0
53,820,0
1978,21531,0
36,2991,0
1841,2326,1
1502,14348,0
2100,20731,1
1429,10529,0
1073,14421,0
1296,820,0
204,14346,0
1863,6774,0
22,6954,0
1546,14674,0
935,19022,0
2114,14704,0
1988,20512,0
305,9326,0
65,20757,0
2093,20757,0
1973,1139,0
34,3067,1
1129,8643,0
1284,15294,0
2094,18372,0
398,18813,0
2344,4984,1
684,10813,0
1825,12857,0
693,12610,0
2332,17203,0
417,19283,0
1191,15387,0
2507,7719,0
1060,805,0
965,8775,0
1252,9635,1
2405,9002,0
413,284,1
1719,3589,0
1761,21681,0
1716,9715,0
967,21811,0
710,4855,0
2331,19076,0
822,16598,0
1577,21525,0
2000,12250,0
2538,13003,0
2234,16169,0
1771,235,1
1793,6133,0
1073,550,0
428,4976,0
1822,16798,0
40,809,0
1631,13156,0
1870,12881,0
2510,21469,0
2341,13967,0
1560,8846,0
2272,14357,0
1701,17603,0
700,17203,0
1994,11723,0
19,17429,1
1367,5637,0
226,9645,0
1338,19981,0
1605,6750,0
1578,12638,0
25,4953,0
1661,20005,0
1353,12867,0
1382,10535,0
1714,16392,0
2263,6962,0
1016,17239,0
175,5431,0
19,3060,0
576,820,0
599,549,0
1869,8591,0
1689,18966,0
2362,18064,0
2145,9036,0
2077,15198,0
1933,13855,0
195,19729,0
261,14378,0
2549,14193,0
2504,20125,0
967,9734,0
2316,7221,0
356,8836,0
920,3246,1
419,5217,0
244,2821,0
625,18153,0
2082,10746,0
1882,3410,0
742,12769,0
95,4953,0
1653,7612,0
681,21112,0
2436,10692,0
2318,5267,0
1825,16112,0
1997,513,0
1342,7323,0
2361,8791,0
1893,9134,0
1296,20429,0
2219,6043,0
627,6745,0
1382,21799,0
912,13722,0
2394,5215,0
864,11894,1
1810,2729,0
1334,3203,0
1132,820,0
572,2727,0
2002,6980,0
1699,17936,0
2092,1862,0
1861,16323,0
753,13967,0
887,16318,0
2274,11970,0
1121,1609,0
889,14169,0
2305,4470,0
2430,17203,0
2297,6998,0
2361,12474,0
889,12765,0
1178,6740,0
2251,7167,0
944,12226,0
1190,21563,0
2394,3276,0
2389,17837,0
15,4282,1
889,8764,0
95,13011,0
2538,2516,0
237,20434,0
2305,15868,0
1656,8763,0
576,801,0
1931,11214,1
1839,2815,0
421,16223,0
960,10473,0
2316,15174,0
1565,7775,0
2389,14707,0
625,18507,0
857,1368,0
1257,20121,0
2220,16608,0
2518,21560,0
965,2807,0
1507,6692,0
2311,20733,0
1640,11549,0
1745,1551,0
1256,20411,1
19,6993,0
1167,8422,0
740,16777,0
576,18443,0
720,20978,0
2297,4739,0
1594,21672,0
1745,17211,0
722,8516,0
1169,13307,0
1057,18582,0
1241,19689,0
2472,4728,0
1430,9404,0
683,3792,0
448,13174,0
1241,14346,0
1060,17892,0
889,14667,0
988,7032,0
226,18783,0
688,2868,0
688,12850,0
578,11384,0
616,21190,0
148,21345,0
2510,11625,1
79,13520,0
932,2814,0
625,21693,0
2069,3882,0
2430,18465,0
1468,2665,0
1393,16924,0
1010,15003,1
458,9323,0
1010,5034,0
1560,20743,0
1060,6740,0
922,3537,0
1833,3571,0
65,21044,0
1193,17864,0
1955,11693,0
700,12781,0
387,1160,0
941,4720,0
462,9288,0
149,20269,0
1810,2730,0
417,17892,0
2349,21531,0
73,2262,0
1435,3328,0
1135,2822,0
2472,21566,0
2456,9575,0
1827,12586,0
896,854,0
73,19782,0
2405,6972,0
634,10844,0
889,8775,0
1992,20768,0
1429,8208,0
1539,6769,0
320,18372,0
2535,2837,0
760,1477,0
1105,8089,0
195,6337,0
546,12699,0
1129,12648,0
1806,7161,0
897,1520,0
625,21566,0
889,12766,0
904,1195,0
53,6743,0
591,5594,1
1708,17726,0
703,17210,0
719,10590,0
2361,19011,0
582,737,0
1060,17846,0
2520,20198,0
25,20449,0
1312,5689,0
53,6750,0
144,9986,0
1154,15213,0
25,13010,0
2544,18025,0
606,8138,0
528,3261,0
1296,304,0
1226,5477,0
1498,15249,0
753,485,0
429,11240,0
2361,16598,0
1891,3329,0
1684,17291,0
719,15884,0
32,806,0
1816,9056,0
2091,11566,0
1132,20125,0
2188,10603,0
1367,3647,0
896,13351,0
1816,10404,0
626,16608,0
2430,18444,0
1155,10921,0
1405,2262,0
336,19065,0
483,1149,0
1425,10754,0
620,13871,0
700,286,0
509,9802,0
79,18495,0
528,19346,0
95,14920,0
1626,13619,1
719,8319,0
53,19283,0
2248,8368,1
2341,15015,0
2471,18153,0
1718,6796,0
472,15367,1
1242,5063,0
1132,6743,0
2069,6006,0
824,6477,0
417,17846,0
742,8764,0
1711,20218,0
1432,8692,0
41,10820,0
1481,12072,0
2296,4823,0
2260,9793,0
1103,19835,0
226,7131,0
2092,13766,0
781,13502,0
874,5644,1
950,19173,0
53,18153,0
2166,12194,0
557,7959,0
639,4097,0
2435,10675,0
912,11762,0
1932,5118,0
871,15997,0
887,14684,0
131,1150,0
1728,10151,0
1802,14924,1
1257,2818,0
935,6058,0
225,12627,1
1441,21481,0
700,19283,0
1951,10895,0
1463,8244,0
1705,4675,0
218,13085,0
967,16608,0
1656,4711,0
1528,18452,0
2443,18402,0
1607,20671,0
1529,526,0
2504,6743,0
65,11897,0
1070,2487,0
2103,14322,0
429,7266,0
1282,12449,0
2504,21811,0
883,4947,0
786,4733,0
594,5229,0
22,15600,0
1978,12225,0
856,4722,0
2517,2793,0
176,5250,0
2471,820,0
305,17385,0
315,13661,0
1653,7552,0
1548,20194,0
978,17234,0
2538,14176,0
1616,5677,0
2538,6192,0
1183,7689,0
1589,1478,0
621,11202,0
1159,13109,1
1688,16652,0
532,6033,0
2052,18863,0
665,14686,0
1,16720,0
822,21566,0
2002,9002,0
1507,760,0
967,18507,0
1608,15211,0
2349,12235,0
2242,13418,0
2025,6628,0
1391,10887,0
2374,3051,1
226,6427,0
2283,1733,0
1132,14707,0
186,1928,1
2115,6754,0
1740,13024,0
1257,2819,0
2021,251,0
1529,15395,0
1257,801,0
1863,4760,0
2237,1696,1
571,1341,0
2361,18507,0
1549,18948,1
635,7145,1
2472,18465,0
2405,21455,0
627,10489,0
898,11225,0
1933,7928,0
278,9063,0
145,8601,0
244,12785,0
1718,8845,1
2284,17549,0
1564,2981,0
1689,21367,0
16,15182,0
2391,18601,0
1578,19566,0
1338,3532,0
243,6153,0
1891,19706,0
187,19156,0
1987,16252,1
670,15888,0
387,3169,1
2461,2053,0
2122,14360,0
814,2813,0
883,3053,0
1999,9557,0
1198,6883,0
719,1218,0
2306,16194,0
117,9324,0
905,19636,1
2405,14920,0
1300,16763,0
784,12733,1
1776,4485,0
1178,18507,0
2389,4728,0
176,7693,0
1454,837,0
1711,17548,0
634,19840,0
2166,18645,0
2147,12295,0
2018,5204,0
2260,5737,0
1605,14701,0
634,925,0
2,18028,0
1511,21146,0
1653,1649,1
2004,1747,1
1070,18840,0
447,13173,0
737,8810,0
1595,13390,1
1072,11222,0
1605,18465,0
1183,11288,1
1178,18465,0
2332,17892,0
1443,8288,0
2216,10590,0
1010,7055,0
1349,12191,1
2472,8786,0
330,1599,1
2517,4711,0
1182,3736,0
2150,21343,1
2082,6749,0
1311,6829,0
2087,11143,1
2511,13771,0
1835,1934,0
2332,14707,0
1815,16978,0
2429,11988,0
117,5266,0
41,6028,0
514,19852,0
1241,17237,0
703,17555,0
66,1708,0
2365,10549,0
792,8849,0
1516,8517,0
661,12589,0
202,6373,0
787,8778,0
1241,18557,0
2332,6740,0
2361,18200,0
1542,9901,0
1284,9324,0
700,17561,0
2224,2829,0
2092,13767,1
2470,20065,0
693,8065,0
2159,16653,0
883,6200,0
836,8739,1
2251,14404,0
737,2262,0
47,17556,0
924,10244,0
495,11361,0
1711,9543,0
2412,10404,0
2492,10151,0
2441,21373,1
725,16277,1
117,9325,0
669,12490,1
305,13308,0
218,16176,0
1525,11087,0
912,9793,0
1673,9296,0
1390,15530,0
581,16963,0
1426,6692,0
1700,21099,0
1740,18604,0
2249,1237,0
2250,18187,0
417,21566,0
1931,14392,0
917,17317,1
2029,6054,0
2332,21811,0
1145,8843,0
456,2954,0
838,8687,0
1605,805,0
2395,2582,0
922,21618,0
2260,15063,0
973,10767,0
2349,21423,0
1296,18153,0
2424,11398,0
1888,8235,0
382,2582,0
1153,13243,0
337,6488,0
1257,17561,0
527,485,1
214,10489,0
1091,17121,0
912,7767,0
625,304,0
810,1476,0
887,17506,0
1454,8810,0
1060,21693,0
1673,5248,0
1699,16226,0
1528,811,1
2249,7204,0
2295,21434,1
2472,6743,0
497,16327,0
53,9734,0
2127,16035,0
2424,10273,0
1349,19977,0
2305,13253,0
1225,13302,0
700,17892,0
1863,12822,0
1241,18558,0
58,10144,0
865,9062,0
1260,19203,0
90,12472,0
1741,17502,0
2094,16184,0
2542,9161,0
2093,9137,0
95,6981,0
1208,18170,1
2538,2262,0
514,6150,0
753,18358,0
1939,16315,0
1418,9869,0
280,16317,0
1088,16129,0
2395,18644,0
2349,2516,0
1404,20607,0
698,17286,0
2265,9441,0
1321,15062,0
99,21146,0
2394,13250,0
1342,9323,0
21,7853,0
2096,2974,1
390,11602,0
2220,17837,0
1224,8070,1
1779,9712,0
353,2793,0
40,15969,0
22,15306,0
1145,12848,0
725,2356,0
557,13436,0
1245,2985,0
1534,7055,0
1242,4985,0
1132,14687,0
1145,12847,0
480,14229,0
101,8602,0
1365,2269,0
1302,11183,0
176,954,0
1761,2669,0
2112,9288,0
1839,20067,0
661,21639,0
2220,19283,0
2220,806,0
1559,16655,0
51,16358,0
280,5349,0
1170,4128,0
451,17056,0
41,10808,0
178,19149,1
333,6550,0
1014,13064,0
1493,11392,0
382,2584,0
626,18465,0
1850,6903,0
389,15107,0
61,11091,0
2082,4739,0
1169,13308,0
1301,11263,0
660,10273,1
2390,10744,0
629,530,0
65,9137,0
561,6750,0
1067,9064,0
1155,4919,0
41,10819,0
1571,14949,0
1992,1271,0
69,20427,0
353,12766,0
2535,6761,0
1418,19569,0
73,10251,0
2484,1439,0
1175,18803,0
176,3099,0
2085,21168,0
217,21980,0
2051,19554,0
2061,16591,0
2056,3067,1
1463,19737,0
890,19075,0
154,16442,0
195,9263,0
2018,15200,0
1761,4577,0
793,2074,0
935,19579,0
1955,20238,0
1430,11656,0
2103,2962,0
1405,21757,0
465,21977,0
296,13803,0
814,17506,0
1827,15534,0
1646,9034,0
2122,7860,0
1178,17203,0
1850,4882,0
53,8791,0
2090,1301,0
2112,10744,0
1802,15678,0
1910,19938,0
788,18156,0
978,18186,0
640,18863,0
1897,5422,0
2231,17839,1
856,17186,0
2088,21854,0
1007,15673,0
1546,4718,0
547,9294,0
661,12347,0
706,12866,0
2549,21539,0
2006,2644,0
2448,5426,0
612,14704,0
557,6077,0
201,5536,0
737,14715,0
1908,20111,1
672,6882,0
2133,18883,0
1939,11133,0
561,21693,0
1560,8985,0
145,4498,0
2332,20125,0
1631,21961,0
510,1360,0
2126,9721,0
1348,21681,0
1317,15355,0
1699,17546,0
2361,17892,0
1132,16608,0
159,15632,0
199,13507,0
1056,8015,0
1528,6903,0
2185,12464,0
1257,6750,0
25,4965,0
2389,6750,0
2058,3490,0
1060,14680,0
2305,8575,0
665,6745,0
687,16750,0
1631,5116,0
1484,2258,0
1992,11230,0
22,16209,0
2149,6798,0
547,5247,0
672,9577,0
166,13427,0
2100,984,0
2260,7334,0
2389,10751,0
954,1458,0
1711,16375,0
1633,20778,0
975,5427,0
1070,18620,1
1354,17577,0
857,19631,0
1560,9025,0
794,13704,0
944,9392,0
22,17579,0
2546,16316,0
853,6747,1
1563,430,1
62,3955,0
1338,17543,1
1178,12474,0
2237,13278,0
1021,12138,0
1359,1903,1
1816,16912,0
1699,16966,0
144,12347,0
2028,12891,1
794,19669,0
2019,18973,0
1418,4752,0
1169,9325,0
2265,15387,0
1927,3099,0
2020,16598,0
2126,19124,0
1048,21573,0
81,18072,0
419,8992,0
2130,9154,0
1650,5207,0
1453,17234,0
58,15495,0
1225,15994,0
2040,9550,1
2538,335,0
781,17875,0
1090,16634,1
397,957,0
2031,3506,0
1125,12249,0
248,1688,0
1571,6998,1
577,21736,1
337,18454,0
433,12366,0
853,7684,0
550,4489,0
2341,17191,0
117,9323,0
1666,14180,0
2361,286,0
176,5243,0
557,15882,0
765,5213,0
644,9987,0
634,6853,0
2160,15758,0
738,18197,1
2518,12711,0
802,20115,0
1468,9996,0
1827,4490,0
2466,2427,0
737,837,0
2507,3120,0
2100,4899,0
1504,4813,0
485,20002,0
305,1340,0
700,21566,0
678,20733,0
774,6955,0
2218,16332,0
978,20226,0
1793,10185,0
465,12919,0
2293,4525,0
2191,13888,0
1988,17230,0
1532,809,0
25,9095,0
19,6596,0
625,8791,0
1229,18895,0
2283,7709,0
661,2591,0
1595,15395,0
1560,20348,0
896,2949,0
918,14122,0
2531,12191,0
719,10405,0
1600,3710,0
2118,10371,0
1860,18620,0
1571,12789,0
184,13393,0
1621,17872,0
1164,17504,0
2361,16333,0
1194,10954,0
1315,15122,1
2504,304,0
339,7585,0
2079,12023,0
1132,304,0
626,17892,0
2075,12975,0
1348,12647,0
887,10741,0
887,2817,0
617,4474,0
992,1329,0
1440,669,0
662,17223,0
532,4043,0
339,1619,0
1197,4814,1
79,15000,0
483,9130,1
1121,3697,0
1024,9104,0
993,21935,0
2356,5527,1
1504,917,0
1296,801,0
547,9296,0
2503,20051,1
2275,20235,0
2412,20963,0
1839,19780,0
218,7055,0
725,16181,0
967,19011,0
753,7944,0
1276,6024,0
1952,7748,0
419,9253,0
117,3319,0
81,21451,0
405,9969,0
2461,1273,0
1154,3271,0
1694,3793,1
512,5118,0
2263,3021,0
934,3169,0
2389,18200,0
2225,10107,0
1257,16598,0
2546,2815,0
353,799,0
1910,11826,0
2507,16183,0
1211,20840,0
561,4728,0
934,8667,0
1595,3901,0
1595,15389,0
2093,21957,0
796,20625,0
222,5730,0
2208,5421,0
1937,18719,0
1605,19011,0
64,15740,0
65,1171,0
2072,1742,0
2536,7762,0
1502,14005,0
672,158,0
1504,12907,0
1866,9388,0
1060,18165,0
2504,16608,0
2497,19525,1
2293,14511,0
327,809,0
1761,6599,0
1378,12464,0
226,7665,0
1385,17536,1
1129,20078,0
893,7594,0
1528,250,0
1405,14176,0
2230,2480,0
284,19549,0
1285,16654,0
1605,20715,0
222,17534,1
625,14680,0
1931,1256,0
1915,9455,0
1154,7259,0
1809,9063,0
2188,10606,0
787,21933,0
2049,18630,0
692,18704,1
166,21811,0
1711,17279,0
507,19705,0
924,2317,0
781,18203,0
665,6742,0
1365,2959,0
792,14765,0
1463,3945,0
1571,6748,0
2349,8245,0
117,15295,0
1425,4733,0
324,6457,0
1608,7259,0
2020,304,0
2342,12613,0
2293,14506,0
1522,8661,0
625,20125,0
1815,17571,0
2090,19352,0
509,13728,0
1983,12950,0
2305,8576,0
2515,8528,0
998,11241,0
2253,18771,0
2114,14691,0
1338,19146,0
599,552,0
1949,17302,1
25,13009,0
1145,4785,0
1153,9238,0
561,6740,0
1737,5039,0
919,18650,0
2053,6397,0
1285,18979,0
495,2835,0
573,17558,0
2430,19283,0
419,13255,0
1631,15098,0
498,5577,1
2223,21098,0
625,18444,0
786,14691,0
1608,11235,0
1191,10448,0
310,12221,0
887,4725,0
944,206,0
201,13529,0
1014,7028,1
639,12389,0
166,801,0
1945,14015,0
660,10398,0
41,18673,0
2322,8708,0
565,13179,0
1810,20699,0
2146,12517,0
348,1190,0
348,15100,0
2276,8758,0
92,10869,0
2130,11144,0
2107,19752,0
1315,13177,0
1542,7371,0
1564,4894,0
2077,11226,0
2363,12793,0
2123,7771,0
1098,16120,0
565,17962,0
417,8791,0
665,12785,0
166,304,0
1934,5537,0
1571,4739,0
1112,8850,0
22,17882,0
1228,5477,0
1455,110,0
912,15063,0
1863,12819,0
2201,14474,0
2426,17991,0
453,4892,1
490,12536,0
852,18153,0
95,6972,0
757,2408,0
1229,10821,0
889,6729,0
225,107,0
1615,5036,0
1088,18584,0
944,5088,0
582,7870,0
2163,19098,0
2260,5734,0
305,14541,0
307,2229,0
922,15475,0
1626,6967,0
1688,18241,0
2130,13856,0
1532,2689,0
1594,20353,0
2063,3140,0
896,10529,0
2090,5234,0
1739,5605,0
1701,17546,0
688,10786,0
94,9051,1
1030,10555,1
1529,21672,0
137,21120,1
192,11131,1
18,10879,0
2504,20121,0
164,18937,1
65,1173,0
2107,18982,0
1210,9302,0
1194,1342,0
530,18531,1
620,6715,0
1699,16968,0
176,3276,0
278,19779,0
1508,636,0
2163,4094,0
1257,18153,0
725,17580,0
324,6458,0
1429,15291,0
1305,2558,1
2535,4750,0
814,4722,0
526,6892,0
1382,20374,0
1792,6445,0
1257,21811,0
235,16182,0
561,18165,0
579,11054,0
1530,12831,0
1796,6590,0
2391,14949,0
857,15327,0
1192,6608,0
391,4794,0
1649,1006,0
1806,16319,0
337,6115,1
1933,15087,0
636,3592,0
626,19283,0
688,8841,0
2389,16333,0
2542,15119,0
1647,19108,0
1132,18443,0
1312,7719,0
274,68,0
1334,8617,0
638,4328,0
2504,16333,0
92,8778,0
1758,9789,1
1145,12849,0
81,16324,0
1573,5414,0
2546,5349,0
1936,18140,1
722,8523,0
2405,18732,0
992,20020,0
2361,8786,0
305,1338,0
1861,11148,0
182,15920,0
2535,335,0
2549,18036,0
742,10728,0
943,11353,0
944,21531,0
2058,3486,0
382,20373,0
1927,14743,0
1927,19026,1
576,805,0
2238,15027,0
462,2827,0
688,4782,0
2284,20226,0
2389,19011,0
2020,20429,0
546,735,0
1251,14392,0
993,10869,0
2343,1609,0
43,20229,0
2220,17561,0
891,3545,0
2149,4783,0
2082,10745,0
2390,14686,0
2220,10752,0
934,19677,0
64,4662,0
182,7396,0
1284,3319,0
1542,18263,0
1695,17547,0
2180,15107,0
2538,2279,1
1230,12719,0
1863,6771,0
1394,13530,0
869,5383,0
2266,13318,1
67,4646,0
1435,20813,0
1287,15033,1
316,6417,0
65,21961,0
73,20324,0
1560,10950,0
2405,8668,1
1016,18187,0
1809,16597,0
1153,21973,0
787,2689,0
720,16898,0
41,6397,0
40,20715,0
226,10821,0
869,10114,0
1841,18623,1
2405,13010,0
1145,12850,0
2504,17203,0
1404,12267,0
971,13426,0
1075,10578,0
2479,10669,1
514,14877,0
2517,2788,0
1178,20715,0
1835,5151,0
1463,10238,0
2155,4318,1
732,17636,0
935,18856,0
1325,10507,1
2130,15842,0
1681,1331,0
485,12267,0
737,2835,0
65,5118,0
828,4885,0
678,14868,0
1888,14667,0
1600,16617,0
1108,10672,1
1184,1019,0
1718,867,0
340,20607,0
95,9007,0
177,6960,0
561,8786,0
353,14668,0
1530,16667,0
2260,17637,0
1861,11678,0
417,2819,0
1931,1258,0
1029,16791,1
1296,21566,0
219,8704,0
1992,20486,0
1129,18962,0
2549,20960,0
626,18153,0
1930,13378,0
561,805,0
1424,8192,1
922,19110,0
2253,11223,0
869,2102,0
360,19150,1
470,10874,1
998,5217,0
1626,12998,0
582,14840,0
986,4643,0
214,14694,0
2037,8519,1
2538,21292,0
2537,14425,0
2438,12840,0
1937,2881,0
581,16199,0
759,6310,0
1154,11490,0
557,3585,0
462,3507,0
576,16608,0
2476,14884,0
1067,16320,0
814,16597,0
1927,1284,0
585,14867,1
1761,12647,1
1792,6443,0
1016,18821,0
2000,4232,0
935,9896,0
1571,8780,0
765,4597,0
1711,16433,0
2537,10479,0
41,884,0
1060,20125,0
2056,3042,0
2341,7893,1
2030,9152,0
757,6330,0
2126,17202,0
954,3651,0
1256,10616,0
822,13427,0
2361,18153,0
353,14667,0
2361,18465,0
1656,3068,0
1886,21417,0
2504,18165,0
2432,6754,0
1334,4528,0
201,9576,0
2504,820,0
1528,16539,0
753,20259,0
1656,12764,0
1983,12943,0
1365,16184,0
2091,3569,0
1853,21729,0
185,9990,0
182,8692,0
322,5930,0
1822,7975,0
2390,6742,0
98,2775,0
1809,19779,0
160,985,0
2255,15291,0
576,2818,0
594,7334,0
2342,5735,0
2531,19977,0
625,16333,0
2164,6240,0
896,6882,0
1225,2075,0
2007,20461,1
1631,11129,0
1178,14680,0
1390,16162,0
1853,3149,0
305,3319,0
557,3479,0
1511,10545,0
2394,21057,0
1740,18028,0
887,13373,0
576,18507,0
1044,4929,0
528,15198,0
315,7699,0
2149,10791,0
523,9658,0
740,5293,0
736,16258,0
886,11013,0
104,3583,0
1145,10786,0
2119,20314,1
2504,2818,0
565,15257,0
599,19773,0
1067,5349,0
2439,14765,0
1242,5067,0
2504,18200,0
852,13427,0
1211,267,0
40,4730,0
2260,21109,0
700,18443,0
1882,6487,0
1539,16228,0
2223,9713,0
278,19567,0
1656,8708,0
2250,17234,0
2476,12982,0
887,17505,0
353,4711,0
1306,16837,0
2260,13143,0
598,14091,0
684,17573,1
1806,6378,0
29,15994,0
1504,15470,0
944,10199,0
1862,7472,0
822,820,0
625,18465,0
2390,2829,0
1367,15590,0
1525,6502,0
1944,6985,0
781,21212,0
822,18152,0
1934,1584,0
195,21109,0
1353,3736,0
852,20125,0
1284,9327,0
719,6972,1
1508,6563,0
1135,14949,0
176,8825,0
2430,4728,0
1132,14680,0
2211,115,0
719,17188,0
1057,16001,0
1516,14759,0
1884,16980,0
1440,6594,0
2462,19455,0
1,16447,0
1145,11836,0
137,19728,0
1037,12044,0
417,4728,0
2483,15781,0
451,10082,0
1240,1303,0
2186,13583,1
700,304,0
547,3302,0
1926,485,0
117,7322,0
1979,10870,0
2220,4728,0
99,4525,0
195,3283,0
2220,18444,0
187,10799,0
2140,6965,1
684,18412,0
1195,5364,1
465,7304,1
1673,13279,0
391,20,0
2163,4093,0
557,13437,0
65,21927,0
2144,6745,0
397,14829,0
438,10344,0
2391,8789,0
1296,8791,0
1257,18444,0
2265,8470,0
2160,9858,1
2430,18200,0
73,3035,0
2424,9516,0
1605,14680,0
88,18980,1
1983,20729,0
1650,11230,0
1141,15216,0
2546,16597,0
822,14687,0
2464,12857,0
1649,14884,0
1405,21423,0
218,15002,0
1447,8947,0
2546,13373,0
2371,8969,0
576,14701,0
25,6983,0
2239,326,1
1429,8593,0
1258,12785,0
22,16646,0
70,7758,0
2126,7015,0
960,18617,0
2079,15962,0
627,4730,0
1602,10608,1
215,6601,1
2389,16608,0
688,6798,0
887,16909,0
53,18200,0
356,11129,0
1184,6961,0
967,8791,0
1560,19669,1
458,6581,0
1229,7665,0
1850,17841,0
899,15261,0
1155,1010,0
1138,11034,0
261,154,0
2396,18101,1
793,4044,0
1133,808,0
541,9189,1
621,7127,0
66,3668,1
852,286,0
1592,267,0
2069,1172,0
1478,1766,1
1697,21667,1
353,10727,0
732,16393,0
665,10744,0
90,10463,0
1129,10598,0
2517,19565,0
550,2555,1
1532,4739,0
1784,15395,0
934,11120,0
838,715,1
2090,11518,0
1777,17901,0
2126,19401,0
852,4728,0
886,10752,0
56,16349,0
2085,14128,0
1483,1571,0
417,16333,0
280,13373,0
1133,4729,0
974,19753,1
459,20827,0
1539,4756,1
1827,2580,0
1551,7854,0
1463,4211,0
846,10397,0
2220,18507,0
1863,8814,0
2469,14950,0
1816,20963,0
2322,19320,0
2389,806,0
641,15118,0
2438,9874,0
2422,1256,0
1661,514,0
465,5243,0
2526,15693,0
1824,8306,0
2260,21872,0
342,9327,0
2548,13585,0
194,20939,1
699,8002,0
222,1354,1
2332,18443,0
1067,20067,0
2188,12649,0
1060,8786,0
1661,9942,0
2262,2632,0
1093,17690,0
883,4974,0
2305,8908,0
1605,21566,0
672,14820,0
228,21545,0
1789,11778,1
1605,18507,0
884,16489,0
625,17837,0
921,20639,0
2113,9288,0
1972,1612,0
2504,801,0
1988,15419,0
417,801,0
1026,4040,0
1153,21055,0
2365,6569,0
261,21306,0
576,8791,0
1024,18694,0
2394,13251,1
528,21728,0
2548,18724,0
904,18760,0
1439,19654,1
2274,13928,0
582,13152,0
898,7383,1
324,8519,1
1162,16809,0
1931,1257,0
2546,19779,0
2311,14868,0
1483,16610,0
904,3885,0
1443,8302,0
2438,12837,0
299,10218,0
954,9677,0
941,2805,1
99,4526,0
1960,2284,1
1539,4754,0
1348,8642,0
248,14898,0
765,3461,0
1528,18451,0
2216,17494,1
787,8781,0
2381,3482,1
700,8236,0
1660,11172,1
643,270,0
155,3446,1
2230,19286,0
1172,16731,0
1673,15267,0
2504,20429,0
1686,20038,1
1536,4044,0
1781,827,0
1451,4719,1
876,5288,0
463,11440,1
327,2828,0
195,17637,0
428,5118,0
41,14770,0
564,17673,0
935,14800,1
2220,20121,0
2342,639,0
288,6712,0
1905,7800,1
195,3129,0
2546,18151,0
949,7346,1
2105,5529,0
1661,13562,0
1647,20800,0
1536,16040,0
2149,12850,0
2094,13888,0
1549,7953,0
805,14293,0
2548,19117,1
1528,16538,0
1536,12058,0
1992,9880,0
768,10397,0
570,5426,0
2149,2868,0
54,6572,1
1090,17550,0
1536,15994,0
458,5266,0
1705,14645,1
1932,9095,1
2250,17549,0
599,21543,0
1806,3182,0
700,6740,0
418,1306,0
389,126,0
65,2622,0
84,19377,0
1959,19011,0
1209,16101,0
1695,16901,0
2272,19491,0
2018,21602,0
672,12918,0
382,18494,0
1708,18510,0
1178,8236,0
2225,14657,0
187,6397,0
1621,17600,0
1983,4894,0
1647,16392,0
2484,3585,0
1499,4637,1
967,18443,0
708,3128,0
2472,17837,0
305,7322,0
576,9734,0
345,8386,1
1016,16633,0
2017,21674,0
887,5349,0
2213,21798,1
1169,1338,0
869,6068,0
1711,19915,0
1454,4750,0
1681,20776,0
22,12640,0
735,11723,0
2305,10529,0
466,17505,0
2020,8236,0
1365,10473,0
1583,15144,0
1719,20768,0
1413,118,0
305,9323,0
429,21844,0
1946,1315,1
1193,14236,0
2246,16773,0
2220,6740,0
1532,14949,0
703,3907,0
2535,14177,0
2517,12765,0
1354,11519,0
1530,16401,0
1211,17850,0
2477,4884,1
1418,2279,0
1815,16666,0
2549,14360,0
1643,2779,1
2471,18507,0
974,10336,0
967,18200,0
2284,18186,0
99,4521,0
2071,6770,0
922,5515,0
1813,17215,0
737,832,0
345,9839,0
2537,2518,0
1405,6997,0
672,5243,0
1601,20217,0
1218,5268,0
582,3007,0
640,2300,0
896,6512,0
178,14798,0
2255,12058,0
391,21219,0
2412,8319,0
2322,1114,0
1092,6152,0
1405,772,0
1418,6759,0
1583,12225,0
1689,17546,0
1413,8826,0
1997,3365,0
1753,16220,1
1699,17717,0
1162,17390,0
166,8786,0
50,2013,0
2371,2429,0
462,10744,0
2219,245,1
51,19902,0
1809,19780,0
1649,6955,0
1430,5354,0
209,18713,0
1193,11956,0
2305,3099,0
2051,20778,0
1172,17029,0
1699,17102,0
1827,20373,0
900,1003,0
2426,3072,0
2430,14707,0
1223,2632,0
2260,10645,0
2389,18507,0
90,14402,0
1007,7733,0
148,18936,1
2332,18153,0
765,11288,0
822,4728,0
1007,11116,1
1718,14756,0
397,2950,0
992,4976,0
627,6998,0
2422,1258,0
226,5311,0
64,2959,0
1178,16608,0
771,5517,1
1656,6652,0
2517,4209,0
1486,13414,0
2349,2279,0
22,232,0
1628,6288,1
2297,10747,0
1695,14272,0
32,18153,0
1462,16833,0
810,1480,1
1962,5415,0
986,6669,1
1393,16923,0
1810,14619,0
2251,1195,0
362,19065,0
688,10791,0
294,15485,0
176,14743,0
1073,2522,1
1067,19779,0
1080,8560,0
244,14701,0
1178,21693,0
1454,824,0
1067,16597,0
1090,5528,0
129,8121,0
755,11851,0
909,12299,0
278,5349,0
618,5571,0
598,9658,0
2504,17561,0
1673,7303,0
176,14822,0
1123,18301,0
92,14691,0
509,3756,0
641,7169,0
277,15701,0
544,13664,1
1145,20564,0
1418,14715,1
1242,8450,0
123,9162,0
2196,17366,1
2430,21811,0
1283,14891,0
1487,888,0
693,104,1
1711,20801,0
1893,13149,0
2342,638,1
722,14418,0
625,17561,0
2361,18152,0
532,14015,0
966,10290,0
310,4720,1
640,17577,0
2436,6182,0
1205,16169,0
1208,16934,0
417,13427,0
742,4209,0
399,19744,0
2082,2822,0
500,8565,0
1711,17609,0
1927,11278,0
2535,827,0
1931,3234,0
1839,17184,0
495,2837,0
2331,7294,0
65,21448,0
832,4597,1
2535,5799,0
1060,9734,0
715,7850,1
2504,6740,0
1365,10822,0
2365,4528,0
565,17702,0
1613,17218,1
595,14869,1
1194,20020,0
1296,14680,0
821,16228,0
1418,824,0
337,13003,0
1323,1316,0
399,22063,0
1888,10729,0
1267,15908,0
978,15000,0
941,12221,0
1170,10163,0
353,8235,0
1837,13677,1
883,3067,0
606,3327,0
307,19205,0
1791,16560,0
364,7503,0
1699,16822,0
626,12781,0
2222,2821,0
417,12781,0
2112,14704,0
528,8972,0
1348,6599,0
1861,4883,0
1429,15069,0
1094,10898,0
1647,9336,0
92,6748,0
948,6379,0
993,2689,0
1594,14395,0
1112,19019,0
73,2516,0
639,14055,0
1136,606,0
1413,2790,0
2283,3707,0
102,2211,0
2260,5732,0
2332,304,0
2167,17733,1
1939,15089,0
2123,9802,0
226,3825,0
1705,12727,0
770,1111,0
1132,18200,0
1296,2819,0
2392,13910,0
1286,16535,1
672,14826,0
1091,16256,0
2188,12650,0
1866,14359,1
1172,21222,0
2393,10368,0
1994,11433,0
1145,6797,0
1067,16316,0
1017,12416,0
123,818,0
1294,14246,0
1262,2762,0
1135,10747,0
502,5421,0
1040,5345,0
1258,6742,0
1010,3126,0
53,17561,0
1631,20757,0
299,2727,0
1631,7139,0
2114,2754,0
2123,9799,0
1699,16823,0
1661,2482,0
2107,8358,1
2407,12311,1
1879,9985,0
159,9709,1
382,10533,0
1345,20145,1
2395,2579,0
1296,17561,0
2328,16352,1
1454,6759,0
145,2593,0
215,20664,0
166,19011,0
278,19780,0
582,9297,0
397,4862,0
397,4859,0
1761,21432,0
2050,21912,1
2220,18443,0
1016,18186,0
1224,6031,0
138,11468,1
786,14686,0
2402,17787,0
1506,17571,0
1536,6031,0
557,10861,0
2508,11582,1
455,18772,0
1405,10938,0
276,9509,0
1784,3901,0
871,20288,1
1672,4988,0
1229,1628,0
1955,17888,0
1553,5136,0
117,3320,0
1963,1019,0
1172,308,0
744,16162,0
994,11272,0
1504,17420,0
34,4976,0
2055,14729,0
107,12090,1
1070,18643,0
2127,8046,0
1810,21438,0
896,15545,0
1066,12284,0
1560,3823,0
722,12496,0
2538,4216,0
382,12582,1
513,2644,0
922,5512,0
2143,8239,0
1242,20348,0
1927,14820,0
243,9841,0
1447,242,0
1225,14015,0
887,4723,0
1605,17892,0
1853,14402,0
1933,15083,0
2305,6512,0
2255,4043,0
1656,7870,0
204,20226,0
1741,2751,0
1528,17192,0
353,12765,0
1405,2516,0
470,2958,0
339,13560,0
639,10127,0
362,18768,0
594,20843,1
176,5249,0
64,14520,0
1284,9325,0
176,8908,0
1178,14687,0
1269,7953,0
213,21190,0
932,17186,0
1983,8933,0
2020,13427,0
2023,10822,0
2525,5372,0
1888,12769,0
1844,7644,0
700,14707,0
2237,20493,0
1536,20858,0
1536,12464,0
2018,20646,0
557,20063,0
239,684,0
330,21371,0
857,7361,0
512,3042,0
469,18656,0
1688,16406,0
201,5535,0
1661,21507,0
1363,7568,0
2405,1038,0
613,10608,0
1072,20411,0
822,12781,0
658,21942,1
399,6641,0
2069,2622,0
1695,17274,1
1108,10664,0
626,8791,0
1419,20145,0
1476,11083,1
1861,17193,0
2422,3371,0
978,17237,0
2284,17234,0
2119,10622,0
1121,5671,0
2461,5205,0
219,10666,0
1560,8451,0
176,5328,0
1963,14903,0
757,448,0
166,2819,0
1605,18443,0
992,3729,0
998,13256,0
1939,19880,0
1932,7044,0
70,5723,0
2236,12255,0
280,18151,0
1546,2802,0
561,820,0
612,4733,0
1344,3149,0
657,8422,0
877,9960,0
483,11114,0
1265,6412,0
1956,17084,0
1016,17235,0
1479,14308,0
2430,19011,0
932,16320,0
1136,16199,0
22,16210,0
166,805,0
540,7373,0
2164,382,0
786,3507,0
2389,18443,0
2538,10251,0
2052,17577,0
793,10077,0
1573,13416,0
1816,7233,0
2237,7309,0
1937,2891,0
218,7056,0
284,2228,0
225,6590,0
525,4474,0
1060,286,0
1806,3180,0
1354,6500,0
1948,10328,0
1571,6749,0
108,1311,0
2424,21496,0
41,2888,0
889,12769,0
1698,17173,0
2006,7708,0
857,3346,0
775,21301,0
58,1574,0
737,21423,0
64,2487,0
2464,13686,0
2211,14617,0
871,8015,0
272,3965,1
632,7127,0
215,12643,0
2365,644,0
2424,11723,0
1534,3120,0
889,8765,0
672,7693,0
1983,6914,0
2069,21448,1
626,21693,0
1475,2678,0
1454,10760,1
1852,1527,0
56,11153,0
1483,7546,0
626,17203,0
852,18200,0
1509,984,0
561,14707,0
2471,8791,0
792,10806,0
417,18507,0
353,8763,0
1426,6690,0
597,14248,0
131,5595,1
1320,884,1
1474,3961,1
327,6742,0
912,18514,0
2116,12600,0
2220,20715,0
1365,15247,0
172,1152,1
993,10754,0
2404,17704,0
2365,5628,0
40,6742,0
2431,21936,0
2191,18372,0
2251,3885,0
872,21309,0
2222,6745,0
2504,16598,0
2072,2204,0
688,10785,0
2003,15745,0
1705,6701,0
260,19523,0
1169,3319,0
1062,2754,0
2055,16342,0
64,15314,0
2069,1342,0
558,5883,1
2242,16750,0
818,12177,0
2431,21935,0
2251,15843,0
1860,18840,0
899,14710,0
1927,10515,0
852,806,0
429,19904,0
1270,7313,0
2379,10267,1
2430,21693,0
417,14680,0
1162,16958,0
215,8640,0
853,2826,0
1093,16869,1
1060,20121,0
1728,12125,1
2396,16792,0
944,14190,0
1136,17380,0
248,5636,0
1296,4728,0
458,3322,0
1805,16228,0
2260,3748,0
70,2216,0
1847,16486,0
2253,11265,1
1621,18486,0
1711,17936,0
1296,20121,0
1509,5571,0
1933,147,0
299,4642,0
2136,4705,1
611,467,0
2372,11964,0
62,1673,0
2267,2527,1
617,19540,1
840,21161,0
1196,9473,0
594,11307,0
398,16514,1
2527,13291,0
1901,10882,1
1316,13912,0
2504,17892,0
1049,11954,0
1745,17212,0
793,6032,0
2395,12586,0
1810,20112,0
2467,17204,0
1466,11641,1
1502,2943,0
2394,13253,0
695,9472,0
1145,10791,0
672,8825,0
2405,1035,0
921,20638,0
2071,6771,0
2265,18995,0
1892,19691,0
934,7701,0
1522,18731,0
1988,7453,0
1145,4786,0
2340,1800,0
1553,9161,0
741,11537,1
2349,14176,0
2089,10622,0
2056,4979,0
1294,6262,0
1129,8641,0
814,16320,0
1370,21598,0
257,5930,0
821,10528,0
1473,3248,1
1852,15749,0
993,14690,0
1426,760,0
2405,4965,0
915,363,0
1550,1373,0
2019,18077,0
1536,2072,0
419,7260,0
2115,18601,0
624,20288,0
2006,11702,0
967,6740,0
2507,19604,0
822,18507,0
496,4496,1
1999,20189,1
2369,4356,0
1525,6636,0
30,15046,0
2518,21688,0
822,14707,0
1844,19081,0
1887,5697,0
1827,2584,0
594,11254,0
626,13427,0
1992,9235,0
2255,10077,0
2123,19410,0
1155,10865,0
582,21061,0
993,4739,0
101,10613,0
6,1043,0
348,20343,0
2319,14155,0
1468,4568,0
725,18124,0
2349,14177,0
462,4733,0
1218,8160,0
1207,6898,1
2002,5014,0
1894,6856,0
1920,17247,0
638,20333,0
1937,18673,0
705,12896,0
1695,18239,0
74,2656,0
292,4497,0
2180,18651,0
319,19634,0
47,9387,0
1689,17874,0
1270,9302,0
1904,20198,0
65,7137,0
2037,556,0
215,20078,0
265,3518,0
276,15426,1
79,18558,0
1813,3254,0
219,8696,1
2527,11279,0
342,15295,0
2332,12781,0
1438,5421,0
337,17193,0
2263,6960,0
1132,6740,0
594,13143,0
2438,9876,0
2272,6387,0
415,20385,1
2451,8356,0
1245,9553,0
2276,12760,1
2027,15977,0
2078,68,0
2149,8841,0
1972,9613,0
1377,11802,0
589,1571,0
15,17364,1
1513,5543,0
342,1337,0
1060,19283,0
693,12609,0
2224,14701,0
1123,21640,0
2414,11702,0
25,2544,0
1028,5378,0
25,1038,0
1475,6605,0
1624,17199,0
2297,6749,0
131,1640,0
2126,15649,0
1578,13152,0
1862,1500,0
2020,17837,0
2404,18036,0
199,15480,0
99,6552,0
211,2345,0
626,286,0
693,18678,0
1851,12453,0
627,14701,0
95,13010,0
2085,6140,0
411,21952,0
29,6032,0
2083,8624,0
998,21974,0
2402,18318,0
1334,6567,0
75,5909,0
1512,19684,0
837,16610,0
1511,4522,0
896,3276,0
226,9913,0
179,14057,0
2405,1037,0
101,2588,0
2089,12657,0
889,19565,0
993,14686,0
547,21478,0
1931,177,0
1831,10754,0
1510,2634,0
399,2713,0
1522,18457,0
2048,10489,0
1229,5311,0
1745,16721,0
2020,17846,0
672,954,0
625,19011,0
2332,18165,0
594,8687,0
2395,20373,0
1060,19011,0
688,8843,0
417,20429,0
2504,14687,0
102,7767,0
794,21380,0
1429,16040,0
1316,12599,0
1508,14525,0
1699,18492,0
2344,14944,1
2432,2754,0
1429,8071,0
1643,6224,0
65,5116,0
636,14336,0
811,19486,0
348,7159,0
660,6362,0
2349,335,0
742,2790,0
941,15836,0
822,286,0
2297,6748,0
1257,14680,0
1536,8071,0
856,16320,0
2431,19010,0
1191,21530,0
1197,10832,0
735,8429,0
2538,11678,0
1413,8235,0
2468,10812,0
239,8651,0
1578,10593,0
1699,17875,0
822,20429,0
1978,12227,0
2449,5418,0
703,18759,0
1656,19280,0
2220,9734,0
944,8252,0
1403,8024,0
25,8668,0
753,17191,0
967,13427,0
1367,3651,0
1995,17828,0
1996,21936,0
475,12745,0
2361,13427,0
2206,1979,0
337,14449,0
572,734,0
2389,19283,0
716,4295,0
1284,9322,0
2389,14680,0
1504,9319,0
626,20121,0
1153,7242,0
2525,3683,0
632,3169,0
2525,1416,0
688,4786,0
1537,20343,0
29,6031,1
2361,19283,0
238,14451,0
944,12225,0
782,5390,0
294,19911,1
2048,8788,0
1502,13388,0
1532,11014,0
629,3149,0
2438,5571,0
2394,7260,0
41,6816,1
287,19434,0
2220,21693,0
1167,21301,0
41,4800,0
1850,17193,0
342,9324,0
759,8379,0
243,11799,0
1705,2757,0
1484,15558,1
2332,14680,0
720,19371,0
1511,10546,0
1770,3119,0
2019,17755,0
853,20542,0
497,18162,0
465,6785,0
417,6740,0
2211,114,0
2188,14565,0
944,8245,0
688,14755,0
1972,3590,1
374,428,0
2546,4723,0
34,6200,0
740,17808,0
1134,6754,0
333,3710,0
2295,18154,0
2323,16958,0
632,13149,1
1060,806,0
2043,11723,0
1851,7385,0
2349,5936,0
1888,799,0
2446,8335,0
660,12386,0
414,9528,0
218,1090,0
1695,18493,0
2021,17788,0
1091,16849,0
310,2805,0
2225,19491,0
745,11811,0
1477,8420,0
1418,826,0
634,4829,0
2222,10744,0
1365,4029,0
1862,9497,0
1413,2789,0
1511,4520,0
1405,14894,1
1209,1609,0
1151,18330,1
2549,16808,0
1605,286,0
419,15216,0
1246,2985,0
2472,8791,0
2089,20314,0
1547,4788,0
2083,14539,1
822,18444,0
2094,5431,0
2000,14202,1
92,10745,0
2037,21543,1
967,18165,0
1534,11043,0
2392,13911,0
889,2793,0
2115,8789,0
1242,12971,0
852,21811,0
2517,10728,0
1702,16518,0
1983,10891,0
1454,21446,0
2479,114,0
1217,5250,0
1423,5571,0
640,6573,0
265,20891,0
636,18929,0
1591,3205,1
187,879,0
1317,5355,0
280,17184,0
213,20018,0
814,16316,0
418,11272,0
1711,13502,0
2186,3614,0
417,16598,0
337,20654,0
2223,19012,0
912,18583,0
148,21842,0
2507,1093,0
1553,7169,0
1805,3588,0
2394,7261,0
1933,7139,0
184,18372,0
25,6972,0
56,18761,0
2469,19597,0
2322,3140,0
1296,14687,0
2152,19230,0
822,21811,0
2340,19673,0
700,14680,0
2270,12717,0
2100,13576,0
429,15215,0
1816,20675,0
2332,18507,0
399,3185,0
896,14736,0
414,1529,0
32,8236,0
1888,14668,0
960,4029,0
1194,4947,0
73,2280,0
900,10925,0
1148,16756,1
626,2819,0
1153,9237,1
2222,14701,0
53,6740,0
1153,7241,0
465,7305,0
1211,242,0
1209,7697,0
2097,6991,0
2430,18153,0
1178,17837,0
2009,19229,0
2483,7842,0
1850,17192,0
1348,678,0
2020,19283,0
294,20779,0
1178,806,0
1796,10571,0
722,548,0
280,17186,0
944,2279,0
129,18649,0
1530,3280,0
2422,21841,0
2361,20121,0
1661,8349,0
864,19047,0
184,10913,0
2001,2074,0
215,2666,0
792,12866,0
2144,14701,0
1283,12522,0
2220,14680,0
1850,4883,0
217,5274,1
1784,14395,0
1344,12877,0
737,4752,0
1740,17377,0
336,5702,0
2412,15884,0
2438,2861,1
8,10248,0
1688,16951,0
1425,2754,0
700,20715,0
661,9989,0
1237,21547,0
327,12795,0
1509,8944,0
73,14518,0
757,8402,0
278,20067,0
2024,18710,1
2432,9063,0
1952,5708,0
2126,14402,0
1070,5560,0
856,20067,0
1178,820,0
2371,14328,0
1772,7233,0
1779,6690,0
1964,12901,0
2211,14615,0
944,5936,0
2126,20068,0
382,2583,0
559,20713,1
102,20247,0
2430,12781,0
58,3549,0
1939,16555,0
315,8170,0
2475,14392,0
1338,13499,0
2541,3296,0
1686,19624,0
1988,9474,1
2033,644,0
557,12534,0
1833,15528,0
391,7162,0
150,19227,0
1465,2872,0
1673,6029,0
2538,9392,0
660,467,0
182,7399,1
625,19283,0
93,8350,1
907,13994,1
419,5216,0
1132,17561,0
2116,13910,0
387,13149,0
1861,18454,0
1489,22000,0
1833,7553,0
547,15262,0
1713,21093,1
1483,8545,0
2472,21811,0
2315,2142,0
1893,4602,0
1656,13152,0
636,6382,0
2371,1004,0
429,30,0
1323,5250,0
429,11237,0
399,10643,0
1257,21794,0
244,6742,0
1348,21432,0
1608,3271,0
2301,15128,0
1511,4526,0
327,6745,0
1893,3167,0
458,6579,0
547,13288,0
1740,21544,0
1414,16723,0
1092,3778,0
2302,2269,0
1905,8191,0
967,16598,0
125,5418,0
594,5733,0
1466,15575,1
1966,21801,0
697,7737,0
1154,21348,0
1600,16621,0
172,19352,0
1537,6382,0
1466,7616,0
2002,4953,0
584,965,1
547,7307,0
65,7156,1
2542,13176,0
64,18874,0
1129,4580,0
1979,14825,0
931,6450,0
599,12995,0
1424,7088,0
2405,7115,0
2389,820,0
1552,16007,0
67,115,0
65,15086,0
700,14701,0
2404,20960,0
2294,10419,0
248,11662,0
1525,710,0
57,12060,0
2395,2583,0
2265,18698,1
2405,13009,0
1688,7329,0
342,15293,0
2020,6740,0
741,5512,0
1979,14829,0
218,5034,0
3,21424,0
1688,17232,0
2299,9096,0
283,1886,0
201,3555,0
625,16608,0
822,2819,0
883,10982,0
912,16460,0
523,14107,0
305,14227,0
2201,11698,0
1304,10473,0
1608,11490,0
1717,17261,1
528,5203,0
1245,13878,0
1887,15667,0
1145,10792,0
889,10728,0
64,18372,0
705,14798,0
375,7052,0
1858,6173,0
1297,13309,0
1498,19352,0
1178,18443,0
870,14930,1
438,4296,0
700,8786,0
1605,2819,0
1910,9558,0
2326,19268,1
518,2138,1
1258,10744,0
887,8784,0
2332,17837,0
2123,1795,0
2165,20785,0
1511,4519,1
159,20821,0
547,15264,0
967,16333,0
215,677,0
1423,12414,0
2263,14903,0
2149,2867,0
2296,8888,0
1931,7295,0
2265,4094,0
2149,12848,0
57,13302,1
228,10391,0
415,16729,0
2112,14691,0
1927,3276,0
1141,5215,0
1883,19123,1
2390,6745,0
166,18153,0
2107,4292,0
1827,12585,0
621,1159,0
869,8099,0
382,2579,0
1861,9392,0
1206,20035,0
2020,18465,0
705,12895,1
468,20645,1
1689,19646,0
1506,16666,1
688,20564,0
1296,806,0
822,18443,0
1822,8546,0
2314,5916,0
280,19780,0
2063,7082,0
1125,354,0
1418,9392,0
1211,15173,0
967,21693,0
65,21045,0
327,15969,0
1129,12643,0
2188,19249,0
1630,14810,0
1718,12846,0
2342,8614,0
166,806,0
1760,18297,0
1699,16374,0
1825,5955,0
988,3710,0
1218,13035,0
1997,6406,0
993,12785,0
1075,12632,0
883,5118,0
2375,13912,0
1774,18402,1
195,16460,0
320,18617,0
1064,21924,0
1733,17687,0
15,17810,1
1260,2681,0
2535,9869,0
702,4739,0
992,5118,0
1270,9305,0
1485,1375,1
1067,10740,0
1884,17578,1
1737,12280,0
771,21083,0
339,5575,0
1893,13849,0
2430,18443,0
78,12347,1
2020,18507,0
428,6200,0
1995,16720,0
95,6983,0
178,12896,0
2225,1420,0
702,2689,0
1737,372,0
1153,15202,0
509,19410,0
1108,2723,0
993,808,0
1708,17400,0
1656,2789,0
852,18443,0
65,1166,0
22,16363,0
324,549,0
1651,20140,0
182,15919,0
79,18556,0
822,8786,0
678,2999,0
1686,18412,0
1600,7032,0
513,2642,0
1296,805,0
636,8730,0
669,8506,0
708,15015,0
2255,14015,1
2465,7366,0
1440,2654,0
967,286,0
1257,19011,0
1827,13908,0
91,17687,1
1257,18152,0
125,3466,0
999,4923,1
1784,2494,0
117,15292,0
1132,2818,0
683,19975,0
2430,17837,0
466,16316,0
2361,21811,0
417,20125,0
1853,15701,0
1924,261,0
208,12738,0
117,9322,0
627,10750,0
342,13308,0
2450,18731,0
1265,10451,0
626,4728,0
2216,8570,0
971,1464,0
1502,13545,0
278,17186,0
203,17234,0
1711,17547,0
747,13170,0
2074,17803,1
588,14898,0
1673,15262,0
65,5119,0
1372,5299,0
1081,3143,0
1977,13329,0
1529,21793,0
1437,11708,0
2262,6033,0
2191,10822,0
753,7558,0
1511,21680,0
485,18622,0
465,15263,0
1779,760,0
787,11014,0
1689,17875,0
2361,14687,0
34,5118,0
147,21192,1
618,6382,0
2488,1684,0
725,16279,0
2305,12918,0
1631,15097,0
2164,13943,0
1257,17203,0
166,18444,0
1257,304,0
2127,8489,0
672,12915,0
2538,12225,0
2394,1284,0
823,12790,0
1453,16633,0
1370,5172,1
219,2725,0
25,6528,0
2471,17846,0
900,14887,0
889,799,0
1176,16382,0
626,6743,0
2224,14686,1
2265,13417,0
2147,655,0
2275,18827,0
1257,12781,0
397,4860,0
1641,15009,1
2389,20125,0
195,18514,0
621,7126,0
998,7266,0
1246,10334,0
38,20198,0
1511,4521,0
1218,18849,0
1531,17126,0
1010,1096,0
1135,21933,0
1257,8791,0
664,11618,0
2126,7704,0
1508,13127,0
1348,12646,0
1246,20140,0
2297,12789,0
1862,15434,1
1334,646,0
708,13094,0
324,21543,0
1438,7441,0
2296,14791,0
1872,6324,0
1959,10752,0
1649,14883,0
1699,19646,0
1942,1587,0
1649,20149,0
500,587,0
2147,12293,0
1169,7323,0
2418,7679,1
146,12097,0
92,10746,0
660,19485,0
691,17947,0
1429,2074,0
2133,5374,0
737,2840,0
53,16333,0
645,6760,1
742,19565,0
278,21955,0
2284,17235,0
2389,21811,0
1661,6382,0
1058,10238,0
887,19567,0
993,19010,0
1978,13928,0
1312,3711,0
25,1035,0
630,12817,1
1761,12646,0
2351,20785,0
2305,10515,1
15,6272,0
2018,20767,0
1140,12355,0
1832,432,1
1875,19224,0
1861,8548,0
988,17858,0
1959,21811,0
1882,10854,1
2020,801,0
2091,14075,0
1169,1337,0
2328,16935,0
2216,17188,0
2405,12,0
598,1657,0
2371,10925,0
547,1692,0
814,17186,0
1245,20732,0
547,9293,0
2306,16792,0
2407,2346,0
2548,7175,0
1536,6075,0
1924,21227,0
658,12878,0
1893,15077,0
744,15530,0
2552,8306,0
1931,5191,0
1429,4044,0
1600,18787,0
2054,3602,0
305,9322,0
944,11968,0
2361,2819,0
2152,8414,0
2424,6675,0
2472,17561,0
1699,18399,0
458,1337,0
1345,14257,1
973,6767,0
823,8788,0
130,9890,1
2472,801,0
2491,21068,0
2033,6562,0
481,20817,0
1939,1713,0
561,12781,0
853,2825,0
1547,9935,0
1605,16333,0
1260,4588,0
1121,11696,0
1169,9324,0
856,802,0
896,3556,0
2360,7249,1
32,20715,0
701,10754,0
2537,12497,0
660,2651,0
2260,5229,0
1866,3606,0
1781,11064,0
2305,6882,0
627,8788,0
1534,7056,0
539,11542,1
1761,8642,0
1036,8,0
195,13143,0
219,4638,0
547,1317,0
258,10646,1
2337,13186,0
1437,19402,0
99,4522,0
339,9611,0
1621,16628,0
1037,12168,1
626,806,0
1242,6308,0
967,17892,0
694,20006,1
938,9286,0
2328,3253,0
1654,5415,0
737,6759,1
348,1188,0
2332,16608,0
120,923,0
2225,3424,0
2054,11613,0
2452,2138,0
334,725,0
2145,2754,0
1260,8653,0
702,6998,0
737,21446,0
299,734,0
1656,12766,0
2471,16598,0
774,18730,0
356,9139,0
1423,9727,1
1145,6799,0
1248,16298,1
1689,17616,0
700,18507,0
2449,3466,0
507,21766,0
1758,13845,1
345,13329,0
1418,2840,0
1405,10555,0
1719,15203,0
195,539,0
1699,18203,0
1163,4836,0
291,2001,0
2080,16295,1
1779,12714,0
765,5410,0
1955,18043,0
1739,5607,0
2220,8236,0
2371,12983,0
295,12600,0
705,16537,0
700,21693,0
95,13009,0
2072,7712,0
661,7970,0
1761,3244,0
846,6360,0
305,15294,0
1605,21811,0
2018,21729,0
1809,5349,0
166,8791,0
1594,3901,0
2069,5119,0
2409,11714,1
1699,16900,0
2019,16543,1
1016,1624,0
2283,19125,0
2199,20082,0
337,19585,0
2192,3144,1
1761,12645,0
636,14627,0
2297,10745,0
944,2262,0
897,9515,0
1988,2476,1
2255,2632,0
1424,2225,0
1779,10692,0
2389,14701,0
2349,14183,0
1342,15295,0
2251,20181,0
1688,18243,0
284,877,0
507,11953,1
2063,5068,0
582,20737,0
912,5731,0
23,11991,0
1688,17931,0
86,11617,1
1418,21423,0
1186,16092,1
1092,13747,1
1945,12116,0
568,2035,0
1939,18466,0
2149,6799,0
1959,18444,0
723,9675,1
73,772,0
1077,13095,0
1484,21490,0
1225,12464,0
1342,1337,0
1016,17238,0
1296,21693,0
219,14613,0
2435,20419,1
2146,8538,0
1570,19039,0
176,1284,0
1405,21292,0
1888,2789,0
1225,2074,0
2517,10729,0
2114,4733,0
1296,13427,0
1242,1113,0
911,19024,0
1129,21929,0
1689,20801,0
672,8908,0
1626,20150,0
185,5930,0
852,20429,0
1825,13685,0
2283,13673,0
2461,21056,0
2229,14755,1
2477,19527,0
2006,13921,1
320,10473,0
737,19570,0
1284,1338,0
81,10884,0
512,6200,0
2001,4188,0
889,10731,0
1178,19283,0
31,16173,0
175,20939,0
1809,16317,0
284,14570,0
1169,3320,0
1532,10869,0
1927,6512,0
585,13589,0
509,4601,0
2284,14346,0
2018,9602,0
564,17057,0
1413,8763,0
684,17143,0
53,16608,0
2220,14707,0
176,2948,0
915,12267,0
320,16184,0
2322,6308,0
1684,17948,1
572,8704,0
1699,17616,0
693,6629,0
1069,15619,0
939,3615,1
615,12450,0
1237,18769,0
1630,10852,0
2000,14203,0
1689,292,0
1129,8644,0
856,2813,0
2020,18165,0
2112,2821,0
201,9337,0
166,20125,0
1334,12614,0
149,14851,0
191,5169,0
1752,10391,0
1509,20731,0
1839,16910,0
589,20807,0
1816,18154,0
315,1727,0
95,13012,0
541,1002,0
887,12783,1
561,9734,0
2504,20715,0
1178,14707,0
1771,15884,0
2322,1113,0
1413,14667,0
2471,6743,0
889,4209,0
65,15087,0
581,18198,0
1257,14707,0
2071,14726,0
1978,15144,0
2349,10199,0
399,8683,0
417,21811,0
1241,20226,0
2476,18730,0
753,15310,0
1737,15013,0
1372,151,0
2409,9745,0
1927,21369,0
1907,14421,0
1920,13431,0
852,21566,0
388,7116,0
1112,879,0
1694,11026,1
1996,19010,0
896,9577,0
960,8795,0
887,20067,0
1952,1769,1
1560,11858,0
204,2306,0
2535,19290,0
461,17769,0
621,11120,0
926,4426,1
1145,10785,0
769,467,0
1631,1185,0
1932,9016,1
1528,16323,0
2020,2818,0
1695,5498,0
792,6397,0
65,11130,0
2196,19484,1
2390,2821,0
1258,21936,0
822,17846,0
1382,2589,0
1060,18152,0
1839,9064,0
2332,805,0
1348,10602,0
617,4475,0
415,17243,1
2332,801,0
92,11014,0
292,14489,0
852,17892,0
2082,2689,0
248,1689,0
662,20260,0
79,18557,0
1153,11228,0
2260,8687,0
1229,7555,0
1699,18050,0
1957,16358,0
218,16183,0
417,18443,0
2220,820,0
688,6797,0
788,20677,0
1564,12943,0
2100,8944,0
2472,13427,0
2391,11013,0
2082,11014,0
2502,16033,0
1850,16916,0
1702,13502,0
2371,20993,0
1844,1597,0
2260,21382,0
1767,5771,0
510,15321,0
736,16922,0
53,13427,0
944,20324,0
2517,8764,0
333,7032,0
2220,16598,0
741,3535,0
1130,21242,0
1200,159,1
725,16884,0
95,1035,0
710,14820,0
215,10599,0
1081,21587,1
303,19299,1
1131,10180,0
1870,918,0
2401,20333,0
978,18187,0
1711,20219,0
342,9323,0
696,11691,0
429,7263,0
576,18444,0
2349,12226,0
1959,8236,0
1673,15265,0
56,14402,0
1286,16839,0
998,21844,0
512,21446,0
1005,8774,0
1827,2581,0
701,18601,0
1484,21182,0
857,9368,0
1547,13133,0
561,18152,1
1661,12454,0
2115,12787,0
1699,18345,0
1242,7082,0
2149,12847,0
2089,2684,0
1905,11801,0
351,10048,1
305,3320,0
2371,1005,0
2082,10869,0
2264,19564,0
2424,15664,0
421,17315,0
944,2516,0
1455,17224,0
1910,5797,0
621,15077,0
25,6982,0
654,12592,0
353,6729,0
576,6750,0
2391,21933,0
627,10869,0
465,957,0
664,18409,0
176,853,0
1342,15292,0
1718,11835,0
2002,20957,0
781,16900,0
73,5936,0
70,16125,0
1418,5799,0
1508,4533,0
688,13786,0
1927,7693,0
1934,1585,0
2305,4468,0
2295,17188,0
1605,18153,0
2305,1284,0
1793,9737,0
56,21636,0
62,15920,0
1242,6400,0
973,6766,0
421,21667,0
1649,21800,0
495,19863,0
1441,9306,0
1571,11013,0
1193,4493,1
1807,21800,0
1230,4667,1
1016,17237,0
2422,5191,0
661,7976,0
414,9527,0
417,21693,0
1983,6913,1
934,698,0
626,18200,0
1272,8153,0
542,13159,1
626,6750,0
2412,8570,0
906,7441,0
2365,6563,0
599,548,0
1729,879,0
1136,17384,0
786,14704,0
1560,20640,0
260,13745,0
967,17846,0
725,10314,0
2504,14701,0
2475,7295,0
2389,8791,0
1292,18602,1
967,801,0
2191,11190,0
1504,8885,0
960,13088,0
1637,17529,0
1863,12820,0
1246,18358,0
1980,4278,1
1656,797,0
25,6984,1
2188,2670,0
2193,9730,1
1233,12407,1
226,2943,0
709,18742,0
1073,12506,0
429,13256,0
528,13916,0
1959,20429,0
1631,6556,0
1334,10550,0
1959,8791,0
1934,9578,1
1125,18910,0
2322,13108,0
201,9573,0
823,6746,0
1430,3393,0
1340,10469,0
745,7077,0
2061,22017,0
2262,12116,0
1863,6772,0
581,18031,0
599,6458,0
2395,4490,0
1460,14498,1
1260,10755,0
878,998,0
2342,640,0
612,14644,0
1106,8828,0
80,17375,0
2052,6286,1
2101,7931,0
2341,1100,0
2220,10751,0
1178,19011,0
320,13088,0
852,2818,0
2548,4869,0
1833,20529,0
15,8008,0
1468,10148,0
871,20574,0
1334,10549,0
99,10546,0
95,8668,0
53,286,0
797,12342,0
978,7591,0
2389,801,0
305,3322,0
2389,21693,0
2077,19346,0
65,1172,0
280,9064,0
967,18444,0
1299,21991,0
399,18991,0
657,21301,0
2412,16912,0
1888,8763,0
417,18465,0
64,12725,0
2106,1253,1
417,19011,0
56,8868,0
278,16909,0
483,8707,0
1135,11014,0
1171,7248,0
310,798,0
215,676,0
1605,10751,0
1136,18031,0
625,17203,0
461,18389,1
2149,4787,0
333,15661,0
753,2985,0
1438,1841,0
1689,13499,0
1737,8747,0
734,5991,1
1927,853,0
1997,20643,0
1475,12654,1
630,12819,0
1528,17193,0
81,16844,0
558,12735,0
1605,6743,0
992,21446,0
1536,7206,0
102,15063,0
1951,979,0
2019,17754,0
1957,17570,1
2100,76,0
73,8245,0
856,16318,0
615,17519,1
1149,9531,0
1365,13888,0
2222,14686,0
90,21917,1
1138,9085,1
2405,6981,0
2341,11884,0
547,13281,0
673,19394,0
1552,9156,1
1688,20828,0
1149,9481,1
852,304,0
514,14881,1
38,15684,0
2144,10744,0
1129,2670,0
1528,16916,1
2340,15720,0
1602,19807,1
512,3723,0
219,8697,0
1178,9734,0
537,790,1
1299,15462,1
737,19569,0
397,14825,0
2077,13916,0
101,2589,0
2362,17735,0
1132,18165,0
1571,21933,0
771,11539,0
1340,18775,0
624,4040,0
97,21940,0
2254,8259,0
853,7686,0
814,20657,0
219,12694,0
1030,5936,0
348,1189,0
1781,4397,0
1933,13159,0
2412,6115,0
2394,9253,0
1972,3589,0
1091,17843,0
53,4728,0
2133,18827,0
1225,5261,0
2144,14691,0
948,1204,0
2285,6659,0
1242,3823,0
1246,9553,0
973,833,0
1348,4578,0
688,18717,0
